{"base_lr": 6e-08, "lr": 6e-08, "data_time": 0.019544243812561035, "loss": 2.570585036277771, "decode.loss_ce": 2.570585036277771, "decode.acc_seg": 2.3102474212646484, "time": 0.8546757936477661, "iter": 50, "memory": 14898, "step": 50}
{"base_lr": 6e-08, "lr": 6e-08, "data_time": 0.01175992488861084, "loss": 2.544347381591797, "decode.loss_ce": 2.544347381591797, "decode.acc_seg": 2.8684256076812744, "time": 0.8317936658859253, "iter": 100, "memory": 14822, "step": 100}
{"base_lr": 6e-08, "lr": 6e-08, "data_time": 0.02117786407470703, "loss": 2.5307140350341797, "decode.loss_ce": 2.5307140350341797, "decode.acc_seg": 2.285822868347168, "time": 0.8999880075454711, "iter": 150, "memory": 14822, "step": 150}
